1514173415,6.28708857,423.4960295,11.83114964,60.80381776,12622.90094,366.3304721,182855.0377,731.0887064,33.3
1423219688,7.365339178,407.4823536,9.862850465,56.82633104,10667.60567,314.2079376,203640.7183,586.7955125,28.6
1563273385,7.081225956,433.7443716,10.17592079,48.34989815,12820.73414,332.6199134,194898.8288,737.1093042,30.2
1777328207,5.463070954,415.6877708,10.6094436,52.7344066,12056.86767,299.8579411,198980.4185,675.4951722,35.6
1451105078,6.717839454,428.3050315,13.12404389,45.99445087,8745.946267,309.3354036,203216.4285,560.9530199,29.3
1453754086,7.158786666,514.9988964,12.4225321,43.22849193,13840.77855,406.7268286,200429.9249,579.1209353,30.9
1687941139,7.431858116,438.6383611,13.71734526,43.64694728,12404.03614,360.598323,231487.8867,636.1464941,30.3
1577772059,6.349787378,402.0489563,10.86823236,42.61251308,7812.671355,427.6556857,238308.6267,709.7290907,29.2
1468249659,7.174535381,366.6271087,12.70107011,31.29969989,9985.271062,320.7416803,182121.6778,592.891822,22
1621139103,7.575872188,385.9926588,9.371612165,57.48455803,9737.163298,303.250713,195684.005,653.2018942,29.5
1468611260,7.245621084,425.655988,12.27252313,37.0542715,9134.629061,310.0669079,199876.4262,684.2070764,25.9
1311790807,8.093739976,413.13127,13.43163703,34.80774252,11077.10472,295.0458861,258817.1286,671.8606078,22.2
1488338608,6.52310597,440.5455154,17.07576471,50.11830078,13264.87041,347.7140764,170501.0259,666.4294044,31.8
1397839835,6.679098019,471.4887243,8.228913526,50.35273535,10050.62009,313.0317344,225976.4945,635.6050268,30.9
1358488420,7.90522106,383.9573292,10.91738015,48.44109091,13983.77207,339.2333895,180894.8008,637.2633533,24.9
1726113697,7.396607161,448.6663821,10.73972693,47.0579311,12909.78064,366.1811943,235787.3465,632.5170184,31.6
1628895828,7.225212315,482.7636687,9.764926413,39.16663484,11592.95634,340.6215137,172784.1241,605.2080777,29.7
1557930019,7.590029521,488.7487124,9.064450209,30.35481473,11470.48094,358.8456278,200751.552,608.2418243,24.9
1671058830,7.797462343,346.3174048,12.02992832,36.43962379,11402.80828,324.2902233,194159.0335,580.4413651,24.1
1524395894,8.376878194,361.2202098,9.472958908,47.19242758,13287.71179,331.4258642,236535.5179,659.4423297,24.6
1644442862,9.114470589,300.7256633,11.18251923,37.20979433,12497.61298,387.3121205,219115.5731,619.2812929,20.4
1728208581,6.593948386,400.8869438,12.87424818,37.8531726,11272.01471,343.3585559,190616.4816,553.5198515,28.8
1698417166,6.417445615,351.5101583,11.44281633,33.97782067,12714.8021,329.7890025,193480.2748,624.6703498,25.6
1330428347,6.452259318,396.6644396,11.04992937,49.71787584,10751.24207,315.6765306,216075.5717,676.006298,28
1385040427,5.900892378,406.5237346,12.50876818,36.34103081,10954.05564,339.800575,199115.8271,774.3178321,26.5
1114210670,8.252008785,478.4178942,11.60643883,71.50257302,12159.01417,340.9334868,248645.9984,622.7002272,31.1
1846005910,6.567559652,418.527537,13.20405491,26.92263353,12098.2496,318.8244165,226899.2368,664.8439515,24.7
1367949763,7.644088308,393.792548,12.18124895,42.11424978,13418.72544,383.4146277,220243.0915,672.7048229,24.7
1591300869,7.272910344,420.2333942,12.76811644,33.59428626,11233.66286,351.8503761,176626.523,611.8215839,25.5
1260347366,7.033595728,432.285552,11.55103102,59.61669477,11012.1081,396.1957234,240500.6629,616.1651388,29.6
1344307924,6.943658242,374.1767267,11.33575152,31.37418309,13302.26583,400.1745377,220718.0186,563.7382575,21.4
1497295025,6.978416316,435.388028,9.975113011,41.34384752,9780.920528,405.5951162,232203.9893,632.0921773,28.1
1299943375,6.67082452,445.5138731,14.20361769,37.36923016,12992.08513,321.1600723,191385.5025,703.3733085,26.3
1431695046,7.890617996,443.8139935,13.3488208,34.8957324,12297.85083,269.9501583,174530.423,573.3166903,24.5
1515753830,7.338839136,454.4882141,14.34110841,35.7284698,13182.5439,341.1313148,169396.2833,710.1607195,26.9
1402567833,6.046197528,410.7811571,10.46719981,51.26101251,10113.37498,392.3326904,245497.0397,614.9262221,30.3
1536090935,7.01747037,413.5898796,13.78917551,55.4986497,11915.76503,354.0866737,200174.9743,740.310338,31
1499832785,6.787847414,370.0045623,13.94774031,40.34234665,12727.26824,346.6954034,208667.103,724.5183535,26.3
1440430348,6.147118706,391.1294926,11.29887911,34.2960258,9302.297493,332.9526823,224509.3804,677.3186743,25.2
1632655488,7.68177222,508.6546695,11.06759003,45.06464124,9601.162601,329.1234687,225395.4423,585.2990667,31.8
1598005433,7.476409077,394.2324225,12.32511978,59.15512668,11813.36757,351.3458724,211328.15,699.5852713,30.6
1611504271,6.87428877,462.9620057,10.28145535,52.89708185,11456.09929,380.9349103,212157.2643,626.3100674,33
1543165432,7.541707754,458.2749192,11.69203444,46.4101467,11566.98112,271.1529897,200069.4415,586.3785108,29.8
1410612529,6.837687487,466.3155285,10.36490708,39.44792522,12260.37159,341.7564121,240880.9562,695.4578043,28
1571018536,6.823852289,376.0832388,14.62083984,37.98944463,8929.474042,328.3008217,188908.9312,641.3267387,26.5
1749971015,7.982563205,453.8849137,12.11247129,27.83651087,12494.26469,337.6165571,203278.7037,624.9719841,23.7
1549978326,8.533732241,428.552904,15.0498284,50.23159578,11301.44852,286.694051,193734.0077,650.0644905,28.1
1894435448,7.09500862,387.0390746,12.93529104,52.8388328,10632.6357,346.8722918,221461.3499,621.650091,33
1478916404,8.176998873,404.0658387,11.87613603,35.45512972,10680.73951,311.6754749,211163.7186,628.3906062,23.3
1658818939,7.734169297,378.4965509,15.59842829,70.76917533,14332.50041,330.8817171,197030.8006,669.7479149,34.1
1621657283,6.838743928,440.7465458,11.4050256,33.3883105,12565.71992,362.1306535,201704.9688,597.5844736,26.8
1474949691,6.8480961,468.596261,14.20525038,35.8329358,10272.40498,335.1159723,195141.7328,567.4299538,27.7
1741564963,6.548071871,387.6528461,8.754697008,45.17349866,13347.56739,353.7836868,219003.5663,671.6194667,30.4
1506092416,7.016297657,392.2017091,14.1153239,36.15839306,12228.49177,319.56012,175768.0636,673.8187326,25.4
1699403701,7.270612431,388.5644438,12.0846039,44.99719443,11241.62048,360.3539408,241157.3975,577.6979202,29.1
1530923309,7.184180539,402.8792377,12.7653069,31.92953482,13019.91542,353.8925478,257079.1256,599.8448523,23.9
1437206313,6.731652557,383.2723091,11.77774686,20.74217461,13220.49806,327.3537606,265887.5163,626.9936355,28.7
1721687093,7.220586844,401.0836666,12.78074782,39.81409087,12531.75917,376.4000857,221958.7199,614.2814492,15.2
1532546213,6.262646502,437.6783556,8.451508593,47.10443085,11603.30766,373.2968879,232323.1555,613.1996224,31
1723779269,7.631042113,412.389931,10.99072146,45.27648093,11543.85258,323.661543,224218.2549,615.8608327,29.5
1571590482,7.574259603,481.798846,14.4704614,45.50741663,11261.35608,356.8342249,192754.4903,594.309308,30.9
1531858025,7.026863486,387.9740164,10.44946747,44.0507445,10551.27341,327.7668564,252786.0721,600.2207708,27.4
1780249780,8.188941928,381.708881,12.54131932,58.61161088,12308.90989,381.4195172,211435.2884,687.4170726,30.5
1352178958,6.531979546,438.5099993,10.49501491,30.20923433,12807.73221,334.7130173,197825.3964,697.9234781,23.3
1346057096,6.328452684,463.5650187,13.88832298,47.47411507,10299.81198,323.5539222,219449.7272,533.27409,30.7
1265851409,7.689992623,339.389756,12.18444072,39.58461534,13774.81622,346.1412997,184674.3188,591.4154258,21.2
1337973574,8.121092509,402.5773597,11.33816618,32.30066449,14634.27278,316.9434539,190088.6035,627.1951156,20.9
1636344468,6.9858745,436.3848808,14.70876684,51.84721952,12662.61057,265.8666711,217430.4572,638.285752,32.4
1315346101,7.440094281,393.9969069,10.90345359,34.19813921,11611.94821,399.4985043,181611.5327,546.4697178,22.1
1335321019,7.504524294,516.9500441,11.19354477,51.69827011,10216.8421,306.5593079,227026.3295,660.593391,31
1407514641,7.298781073,399.1110382,12.27040575,25.46734066,11661.66864,338.2825619,225843.553,723.3327814,19
1688039446,7.753234335,452.9772751,12.73316126,44.32046779,8678.168415,408.2276293,222602.1806,603.0881574,30.3
1537746257,7.009009989,374.3103209,12.58523505,24.71967431,10933.5225,364.477907,214453.4817,636.3735844,19.1
1353673949,7.431706764,484.8922671,12.43126855,40.57223943,9435.637849,355.1821767,214039.1598,565.5292768,27.7
1328852947,7.206155133,489.155997,13.74013309,46.14865206,11691.94989,413.2846587,203809.8635,584.9189892,29.5
1644918893,8.440107618,410.5723973,10.96240652,53.75314754,9345.955648,366.8657036,208503.0146,674.4588872,28.7
1355313275,6.154721161,385.6805896,10.93517292,55.63935519,11009.74059,356.4616841,179107.7193,557.7581853,29.2
1333353525,7.249146133,415.1651443,11.50632237,41.11089551,11143.43516,330.7535164,242885.2954,701.9619234,25.5
1476675452,6.380909268,463.9230695,14.14647829,51.51521077,11629.49267,325.8674523,222357.3332,624.431624,32.8
1473494120,6.766981527,402.0857827,10.91224216,34.44136163,11130.2949,331.2481443,195238.8905,581.7256444,24.9
1370587880,7.640319946,454.9438717,12.43985635,33.14976384,12042.02255,393.0888475,226277.7646,697.3007753,24
1485973805,6.233131879,448.6950785,10.02261811,38.97633988,9971.907041,370.9454499,228998.1266,640.4484328,28.9
1550900465,8.773624684,377.3962923,10.66865343,48.22150886,9052.620034,328.8157128,211537.8624,593.508942,27.3
1654780829,7.704054574,503.7092738,10.57860955,63.85333978,9670.344285,277.4266801,198193.8005,742.9117236,25
1574825363,6.579035542,397.9749448,12.9461499,24.55495568,11743.57147,326.8765261,196159.3938,651.1785256,20.3
1513279919,7.313204867,423.4598949,11.7741485,57.04508811,12116.76545,314.3407429,203053.6428,651.6542691,30.5
1283709130,7.215824799,395.2258114,13.25598915,38.62961914,11620.38312,344.0953234,198321.0584,595.3427462,23.9
1381140669,5.864713321,423.7989727,16.75153853,54.18434376,10849.90668,329.4271938,204028.3348,617.1283781,32
1729510975,6.415937158,381.5601792,12.49645055,48.70682107,13402.07694,345.7146835,214272.7323,635.8790347,31.5
1711017405,6.284742701,460.4117527,10.77030859,49.25176893,12604.20638,295.7709152,206054.0219,611.9625897,34.3
1274539616,6.361439076,427.5484733,11.13785665,44.87290194,11122.54767,379.2905243,201041.2565,658.4697623,27.7
1322177233,7.000556091,414.7750916,10.17728196,39.41454795,12736.24549,417.8816499,209775.1915,623.6354105,25.2
1460562424,7.800842895,460.7454101,11.72029798,35.51572549,13207.20507,337.1713709,238482.3287,702.7119218,25.6
1502313985,7.095718467,401.8870537,11.07217188,58.35622654,15342.49428,363.0010101,229584.515,695.4758935,30.3
1410209999,6.424889738,465.0056324,12.09429224,31.18550151,11489.34724,347.5208979,253983.9125,647.7918171,25.4
1342948235,6.311018285,406.2773615,9.665945298,42.44713798,12698.02706,294.1170718,228508.0379,590.1318583,27
1605077724,6.867291055,398.2524465,12.34943102,41.0718094,12077.77039,363.9416077,194011.7108,605.0329284,28.2
1518859407,7.789916293,416.2885861,13.63744107,45.74241577,9816.223303,320.6471129,186332.0895,628.1502016,27.7
1419913106,6.669171781,424.2209272,11.12819657,35.60736341,11536.70153,344.6319883,198441.0288,631.7768401,25.7
1670846559,8.202894079,372.3745122,12.00569209,36.84120821,11358.01245,297.9046681,230276.837,655.3279928,24.5
1366817685,6.728241777,405.4188068,13.75179006,40.93614719,11636.60593,318.8997486,225081.0601,622.3260747,26.5
1291302239,6.681180447,378.4748492,13.11849326,34.73852855,11583.76588,360.2014304,186045.5791,656.9707189,23
1519376900,7.861409374,457.4950089,11.75808954,55.40665234,12128.96356,414.9094994,163115.4963,566.3542056,30.4
1633073549,7.263947949,372.4603109,9.334873907,39.73349262,11279.81179,405.2401308,221608.4502,663.0335199,26.2
1753909363,6.949103242,539.3354972,12.56465609,45.44351432,13367.89879,430.1524554,205267.9064,727.3497098,35.7
1463856708,7.371015942,507.9150608,12.741762,52.17637428,11966.18858,416.624385,248088.6909,571.3277684,32.5
1560184528,7.186812086,391.5616747,13.31894992,54.01709878,11322.01986,340.5572664,259725.4071,673.4456088,29.8
1361696628,6.789111067,468.9545501,12.35724762,32.6778473,11092.66163,357.2193668,210362.6089,655.6802771,25.3
1398303857,7.647740281,476.5540429,10.84562512,40.53200878,10574.99944,317.717104,210304.4741,650.4344577,27.3
1962734172,7.546411115,439.3369433,15.86716398,36.57660345,11258.2262,302.9318159,199611.3105,638.4606997,30.6
1602970826,7.070555143,506.6615716,13.9851381,45.52681797,10701.12232,296.9612905,244844.7881,634.1367593,33
1396601620,7.840649724,397.4992734,11.6722747,38.15337688,8877.578801,402.8244377,231842.9173,643.129248,23.7
1458747752,8.480470543,383.8088739,11.83951659,57.35060126,11831.71402,350.599131,221116.5063,654.9911389,26.3
1457082295,6.372842313,411.8382203,13.2402045,52.44775114,13056.30144,374.5118118,204205.0894,619.2121057,30.7
1388655723,7.65173183,457.3284675,11.09412758,43.9322836,12180.73931,368.4758614,219579.1692,642.5989284,27.4
1561731737,7.033534039,397.6598014,14.48641539,49.77446531,10060.95242,322.2868037,219847.2847,594.7787062,29.7
1406747650,7.132172093,473.5968544,11.17539001,34.55605266,10660.21357,342.6356363,215443.2791,641.4365156,26.1
1420988659,7.896679725,348.3373033,8.598205322,39.26276461,12348.98164,375.4176686,180409.8664,606.5495574,22.1
1548560338,7.04674371,368.5502441,10.42381884,46.63420685,13030.48744,373.2040919,170014.8072,599.5279345,27.4
1304431647,6.913872844,500.9976465,14.83136042,56.45876706,10103.60586,348.7293575,191959.2976,698.6143867,32.3
1533779333,6.877613234,463.3298004,13.94765121,47.26476225,13511.0782,292.6272665,224308.4232,590.6724069,31.5
1245539926,7.437784718,366.6580588,10.97046614,28.45440329,12288.03908,326.2746702,221750.1019,693.268094,18.4
1411575181,7.73610316,462.479965,11.66043487,43.71031175,12703.70917,304.5762028,181153.6652,708.1449315,27.7
1435108788,5.99707943,470.7268233,14.92174956,43.87288713,10693.44368,321.6842532,234432.3112,665.831915,31.6
1461943042,6.719922378,382.3416733,14.42269069,56.24642335,8783.456439,299.3332884,236833.9412,613.9514204,29.8
1287399731,7.667400239,426.2325363,10.43404014,50.54246632,8468.975522,263.408709,193142.7998,645.3243895,26.5
1467943156,6.702540211,369.7768899,12.37409385,63.13236046,11442.50606,310.432125,238674.7422,649.1827603,31.5
1681452521,9.204800051,360.2966834,11.81332646,46.33868462,11987.12984,422.7475267,201905.2117,644.1961758,24.7
1281305632,6.671832278,459.325874,11.69591366,35.97323112,10542.65457,327.4055764,205495.5316,622.9743534,25.8
1685629565,5.824382797,441.3823491,12.91868422,54.36058756,14048.39614,345.9994131,206567.0852,617.9050172,35.5
1675874736,7.743810758,445.1312892,12.83580952,48.54199301,11921.37313,387.8172335,186993.1851,624.0160492,30.8
1215013377,7.835439217,441.9901001,15.17333857,29.96617094,10497.75706,368.7592483,189517.9063,618.847982,20.9
1889393570,7.957267368,489.7097535,12.95530083,38.23275588,12649.02921,377.473611,212335.2891,639.3673338,31.2
1618498718,8.238651591,408.7218822,12.50327185,58.81000674,9084.259621,315.0529083,243522.7944,611.3004624,29.9
1325222515,7.404775153,420.2641942,12.48401811,41.71830773,11769.57769,309.926039,222886.5205,666.3550482,25.6
1772141409,6.607893912,361.1345744,9.565738513,35.20615211,10759.30525,343.981725,209004.9374,584.1588772,26.6
1477910459,6.509697498,416.7035232,12.71788874,43.76036972,10181.93948,291.8809267,152035.2135,548.0967981,28.9
1582972868,7.351964551,447.4431535,13.30046329,77.20845909,13850.13225,288.1179613,195533.8876,604.4626825,37.8
1579228764,8.216052773,395.9705259,11.99597305,64.84000682,15691.41129,338.756836,229363.301,651.5113807,31.3
1314386946,6.992143005,349.3573381,14.96917902,65.38334622,11328.06156,324.492231,222991.0288,638.7182366,29.2
1511667225,8.113988234,356.0007334,9.757744185,53.26247213,10835.24575,335.7843646,189489.8391,602.8084071,25.7
1708779626,7.239240185,352.3443814,13.12421115,36.64087721,10224.98268,376.6727595,222233.4159,568.0471822,25.7
1614601180,5.907361177,378.9392672,10.21177504,38.32964219,13802.68692,339.5975661,173450.2239,608.881959,28
1576359143,7.626498613,530.9389497,11.70986126,39.90760532,12967.64226,305.9066014,249383.46,711.5845413,30.8
1520443007,7.345419703,451.783485,14.52344151,46.31209343,12546.94505,354.4592842,205833.6871,694.5512643,30
1671891757,7.417943339,376.7884102,12.6307056,38.89449012,13383.72849,351.5278997,213515.858,719.7583414,26.6
1442322739,6.764578256,438.0824841,12.30378568,66.84471928,13130.85073,279.194259,213941.435,577.0489537,34.9
1435024864,6.934115581,454.4284124,11.91999941,38.7739784,10437.2272,326.0369882,209924.3563,647.5203587,27.6
1340155251,6.215530693,384.1585215,11.9089908,51.17242752,10533.11219,325.6806512,215349.0886,653.5346161,28.4
1543667731,8.290002423,428.9483055,10.81126646,29.79720172,9400.934888,321.0365606,220004.8006,707.2789172,22
1427294761,7.926263123,337.4787907,13.91713778,62.91873584,9841.639561,322.9363873,194320.4322,646.7907316,26.9
1607940596,7.379923728,380.3388792,11.38271854,53.78165182,12067.67441,366.8778629,217631.1846,658.8313379,29.3
1464626343,7.276344708,514.7363475,10.80351362,56.14344377,12226.44298,357.7873909,203685.5863,607.7551043,33.3
1584941962,6.254461943,394.3155921,10.5993711,31.52636849,10211.90682,441.2787579,211973.7222,630.461445,25
1600948920,7.258278588,435.952653,13.7287078,43.33034975,10073.72104,364.9163194,158139.4216,648.1954851,29.5
1527856022,6.341584754,491.5604526,14.75534887,26.28961948,12942.80042,370.1458133,198096.82,654.2231912,24.2
1615494702,7.119269601,431.397911,12.03889287,41.36314529,9553.607932,291.0463125,211010.2166,634.3939118,29
1427505454,7.489368842,395.5349165,9.866294024,46.13448524,15202.64309,333.6208936,193918.1258,627.551524,26.2
1442647971,6.876279641,382.9899074,12.66320154,44.66875029,10877.63339,375.9874901,223154.5742,656.8632186,27
1906647388,7.15062758,340.9385001,11.32810881,39.47503876,12082.41525,349.6451976,191451.7992,690.0527535,28
1409075783,6.444275363,389.6820476,11.2769683,32.46733011,15093.40036,339.918335,204108.3958,648.9423209,23.6
1394574304,6.406952167,398.3492167,14.89705784,46.90403666,9195.998411,290.3561538,210491.2164,629.2638799,28.6
1715208852,6.80663472,404.4325385,12.26253386,33.49913878,9386.915325,323.1663911,212023.9008,679.0529521,26.7
1317924247,7.473829549,466.6217046,9.030610508,46.79879937,12917.97079,354.3187999,233196.2496,613.6569504,27.8
1592242844,6.659895843,448.3903412,9.542000532,49.51239568,10424.16524,297.3749881,211605.8087,680.8877688,32
1787552163,6.140966991,353.7980491,12.8102591,44.70451646,11531.67949,335.9381429,195039.6409,570.5124383,30.6
1261400947,7.360261812,461.8090229,13.15774193,40.63444144,10589.53755,367.588062,196371.8614,594.0433347,26.2
1651130218,7.085315804,447.0624413,9.08682884,54.1040537,11711.55313,369.5576878,204459.3509,574.6763562,32.5
1431463643,8.999818994,362.9206726,10.36100684,49.34338435,10684.29411,319.3080584,243743.7459,667.9354521,23.1
1627385776,7.443149129,440.4128758,11.46126818,63.72920032,12774.16737,397.9265049,214853.1131,644.0093466,34.5
1797994417,7.051227682,511.6430712,14.09014827,40.81817281,9614.042132,332.0715947,188841.5616,646.0245155,33.6
1371871439,5.578531629,393.7773885,11.15787316,40.7531558,11390.01712,326.6507551,201567.903,643.6840862,27.7
1595073618,6.597769229,409.65981,14.85358818,44.11348823,11247.08413,329.6202065,216633.0646,603.5376951,30
1676246005,6.652376472,447.7513689,12.13474908,54.83190545,12209.94219,396.087547,251685.888,526.9006134,34.2
1599472290,8.358246325,471.2513496,11.63061253,30.85365008,8590.023913,407.2556401,188231.7966,636.834312,24.2
1503408115,8.607623313,442.5938526,10.58585626,57.90708896,10317.26375,378.3935092,220527.4175,676.244419,28.7
1589026553,7.559680208,404.7778108,10.50477341,31.61880301,15045.0662,339.0702454,209499.3079,683.1074526,23.5
1809072158,7.601235271,456.1236019,12.45123042,64.03717007,11868.35074,313.9522284,223273.9986,663.3974932,37.1
1639044851,6.347484612,350.4550147,9.524555212,45.81311427,13689.16572,395.3195658,196881.0899,665.2219796,28.6
1302300522,7.935084268,416.9982335,15.52710398,45.62886819,11729.037,322.7724986,232827.5399,612.2232388,25.6
1387245812,9.291305745,418.5774374,15.46930219,43.69012993,10763.2829,335.1333999,225567.8202,620.5617336,23.7
1743604337,7.318659765,428.5706749,12.15866798,39.35013903,15996.47149,304.8376607,217075.5182,639.6065756,29.2
1865200064,8.337715004,418.9181961,13.68456476,48.04336902,13042.93326,357.911228,207995.0602,621.0603771,30.7
1555706529,6.582732994,386.5997623,10.94463452,48.48971544,12269.71776,298.6075617,189182.7613,610.8299587,29.4
1624343852,7.104880343,393.0416634,13.0078227,39.07556095,10824.60924,303.8774918,207747.4611,641.1976062,27.3
1375308727,6.62880171,401.6254038,11.85334405,49.05037137,10623.07194,367.9942677,197199.6651,668.2962404,28.3
1221314865,6.758209574,420.7178707,12.13315999,42.73327994,10484.12291,342.48988,187807.1459,631.4410826,25.9
1439363391,6.634490329,480.2541111,11.36386326,34.62487325,14519.45492,379.9466254,213338.5808,692.3512926,27.4
1601070268,6.930760513,434.8985945,11.29259901,25.83642001,11033.27965,308.3506362,229149.3066,656.395802,21.9
1661663810,6.872974716,379.9969972,10.74987525,43.19739864,10922.07419,365.7764592,197493.1223,648.3123571,28.5
1203395542,6.172982214,373.7425807,10.79126121,34.39499225,10919.86566,364.093048,211221.0985,706.7428891,22.5
1539786020,7.972313497,409.9336619,15.19337505,45.79958502,11935.9894,338.5774776,225308.459,598.0261706,27.6
1582172923,7.397879896,418.7903153,14.38701397,36.07828508,10245.43431,334.5022865,190273.1959,627.9220041,26.4
1664045216,5.402995388,409.8450643,10.46311066,66.16816426,11721.69834,289.060729,235048.4282,595.6964593,38.9
1597724054,6.620529085,369.0137683,9.122697144,32.01531841,8631.201602,348.0191055,205380.8601,601.6661759,23.9
1849433750,6.400333085,390.5978903,11.57131013,29.50759096,9685.386814,350.1687733,196425.561,614.5620228,25.8
1877153594,8.564744091,367.7158163,11.62099713,52.68539142,11340.47181,309.0033041,187334.0405,746.8274167,29.1
1389597470,7.343321177,428.2462764,12.0677424,51.65009379,14560.54402,392.5886209,216984.7149,654.7900169,28.6
1747408993,6.819247686,364.1012578,11.25313872,38.49488669,10578.81516,301.5102528,228244.0798,607.1146318,27.5
1308309910,7.044970684,354.6319454,10.24038382,43.47641255,12801.9528,361.639102,255424.1403,688.7824491,23.9
1429492493,7.541733879,392.7659043,10.6083663,42.37253387,11874.05526,378.1566979,224695.1347,650.6612404,25.4
1415949226,7.89155532,486.6013684,9.42163676,47.97730053,12574.25593,317.3101821,208568.6407,687.9570296,29
1553894161,7.212504587,334.1415846,9.771096866,40.1788322,12852.89119,357.420309,208364.2854,581.8700829,24.4
1481491110,7.005922283,359.6091012,10.27572142,33.84575817,10799.65017,353.5453882,204555.5836,706.1533347,23
1403612108,6.59283223,432.5082683,14.00613532,47.38920274,11285.00723,304.2638774,246944.518,653.2536477,29.7
1478796270,7.76776445,456.5971639,9.794693479,52.02971405,11465.26393,370.8746224,191767.6319,701.445334,29.6
1655612978,6.783118095,387.1466686,9.202849689,42.89229041,11645.41175,374.2837563,178452.0647,623.8667486,28.5
1482284368,6.997150885,391.0597394,10.54801279,36.88076663,13124.34653,377.0901469,235002.1766,644.412254,25.1
1583519291,6.523938039,356.8843832,13.17143464,42.43556847,9866.035404,386.0251251,197279.8407,671.2075112,27.6
1557881504,8.73389686,371.162874,10.65403333,50.39546861,11062.6572,371.2230627,227246.2712,619.5801941,25.3
1553353421,6.355761608,423.2508279,10.92391723,27.70222274,13644.82182,403.7819541,187571.8985,589.7690096,23.2
1507316449,8.38278261,485.5501055,12.53491772,49.84580511,13985.08886,356.9347501,183580.5539,637.0727585,29.7
1380147560,7.309276256,479.5248692,13.04508104,32.73900735,12980.43062,337.9701519,215660.0672,667.7685866,25.2
1515590563,5.852579569,486.8327806,14.31118509,28.69372778,12482.74048,307.7195149,164544.5416,623.2893032,26.4
1622879932,7.880251433,377.2894547,10.0069944,45.40164538,10979.58795,379.8001124,228138.2892,630.0782174,26.7
1568794666,6.648972636,400.3069363,11.22908387,63.39832356,10611.51759,358.6170462,193236.3401,616.0914042,33.3
1447481570,6.903970405,450.7531485,16.30188403,39.87266842,10774.60235,384.0839449,192133.2031,684.6025812,28.5
1816591486,7.869611814,376.1748382,14.26584879,55.91406095,12206.90785,300.1304192,227554.4187,640.8994216,31
1507633408,6.440991233,438.1267716,11.28416419,43.13367153,14158.57064,352.9684089,219649.8377,643.3330027,29.8
1861399573,8.390276272,407.9274523,10.98165055,47.61103771,9941.250216,361.9149871,216283.6235,598.5576765,29.8
1504510030,7.291703761,435.5857123,12.10536409,36.46322598,14743.29121,394.4935998,235701.7638,625.711992,26.3
1501254843,7.498608645,366.2167176,10.71887615,33.31007323,9530.953137,360.9995262,176916.2999,665.2828538,22.4
1451211735,8.926605335,305.8388326,12.92539471,32.9750644,9154.485014,284.2784252,237921.7315,618.3649354,18.2
1347285568,7.918226028,400.5976093,14.60747375,29.16292637,10388.95302,383.7578094,222206.9001,718.2237744,20.2
1657412847,6.297246593,411.429342,10.64159173,36.7943679,11162.28139,404.4477865,234716.6872,685.1822691,28.4
1562572777,7.246203525,407.032002,12.61130414,25.22330175,11185.39799,245.179377,197420.245,700.8113448,20.2
1956054175,7.235711693,441.7282176,9.222104051,45.93064707,10201.8321,401.7205536,208225.3913,664.2007539,33.4
1575854188,8.275763739,483.2980137,14.22445631,43.0892341,9249.100768,327.5914889,207838.1106,640.158573,29.2
1750455969,6.975565128,395.4488127,9.247440887,35.17007667,12393.55464,351.2310532,218843.2251,663.8717305,26.9
1554425591,6.916505536,449.2796387,13.10542598,31.02132589,11594.01611,316.8964901,183439.64,596.706626,25.4
1838800172,6.092790039,396.2229096,13.52047686,45.22511549,12275.43148,333.0735554,177345.3372,668.4624985,32.9
1480956356,7.96721322,343.2394362,13.57194631,42.92298451,12544.06856,320.282083,244252.507,720.3457518,23.9
1566113810,8.198403225,431.8503331,12.22321278,60.00306677,11192.65443,384.9016077,199726.611,676.8060424,30.5
1526844164,7.22430852,325.9828172,9.914758502,41.81028858,12596.63069,380.5669514,205868.6585,717.0997253,24.3
1525060361,7.421689181,405.563354,13.33633556,36.25891939,11999.13251,343.5588177,230264.7271,647.8792471,25.4
1438471050,6.779607947,412.4346646,10.1385698,30.74679205,12455.39328,317.9601357,188597.8688,650.1613067,23.2
1717274028,8.23082941,410.6714028,13.37914873,40.00261658,8914.453966,312.5335804,262550.6882,662.3294384,27.2
1238616546,8.344316611,452.2436853,10.37689356,51.13969318,12133.50181,307.2052555,223389.7714,652.5267585,28.6
1710134502,7.99546517,399.9160304,11.48269784,61.39468843,12347.06533,322.1032521,203389.708,599.3187395,25.9
1483843317,6.294722025,439.6205571,11.7443491,35.79718364,10363.97071,367.3478023,206763.2431,642.8893544,27.5
1614118229,7.171184188,371.8948737,13.27378357,44.39257967,11229.25662,377.9662036,180096.337,691.6739994,27.8
1425227595,8.26552066,346.1523629,13.70331697,27.47068391,9631.496231,340.2946128,204775.8283,728.1760435,18
1588007873,8.055474389,396.728446,10.56719668,34.0221826,10360.59105,322.5983401,196702.6328,642.2512169,23.6
1608745091,6.513678867,387.0552461,11.4747339,30.43674753,11759.01469,314.5597162,191209.8991,629.1482561,24.2
1428561834,6.465529742,406.8073119,13.67014159,69.07456555,11887.25161,356.2263105,196822.1802,581.0552524,34.6
1528528847,7.852811812,385.0471974,12.24663868,68.14976152,11382.54118,282.9674081,178258.5651,647.1912633,31.1
1674234537,6.738408041,421.0891489,10.3219528,41.98942403,10022.77275,348.6022247,240318.5531,663.3612434,29.9
1470007458,7.65391179,402.800408,12.33008474,46.77435707,10284.79223,334.23155,179448.7069,669.3248092,27
1536410562,7.695546233,437.4063826,9.609773804,47.02742544,12414.76859,351.1160066,209152.7974,678.703495,28.6
1312309203,7.192366715,490.5319424,12.84354021,58.69219531,11763.41795,347.3151692,210949.3503,660.7727776,31.7
1544675291,6.188652723,474.4156139,13.06846554,52.22273384,11100.40064,294.8624459,230915.285,632.3676738,34.3
1471243503,7.057681257,414.3049104,12.98450321,54.48087228,10514.9247,343.2795334,195895.8262,660.4037034,30
1631756699,6.55353583,465.7875562,11.48830126,34.52538491,13664.56502,327.9386745,228430.0223,633.0907817,28.7
1475377757,7.468684919,441.1081844,13.22182069,44.79529211,12378.75843,336.3547299,221189.7661,672.5288115,28.5
1538711424,6.80454623,410.3476258,9.449511603,38.28066209,9573.906382,274.5493152,203022.0972,640.0746106,26.9
1550383780,7.3650038,481.1042767,12.23019513,40.39274922,11845.53474,410.6240704,218671.8432,576.0665637,29.4
1826136315,6.084369982,357.1991757,13.87720598,46.44136414,11902.67182,388.3746389,193022.019,537.6316048,31.7
1487310123,7.621085834,385.7043526,11.30680462,32.34046218,10644.77777,341.8921123,202620.8837,631.9690957,22.4
1649265707,7.949679401,419.1538342,10.68742882,53.51260935,12111.51727,315.1956526,232741.2564,625.9895083,30
1360884809,7.011059408,381.3256861,15.01989834,27.11994153,14198.622,333.3874666,211720.8158,601.9832578,19.9
1652871478,6.112366678,472.2631899,10.86781746,47.67438796,12513.4185,329.1783482,206190.3421,569.8357613,34.1
1455728531,7.090708609,352.9257004,10.23571413,31.69926887,12856.83714,328.609122,199479.1067,626.17514,21.5
1452714895,7.775594187,433.2674538,12.68744864,69.5915436,8837.680709,372.8259976,216827.9385,730.6078437,33.4
1385301915,8.817928383,459.1646592,11.23921927,44.7789371,10338.11178,311.4502228,191634.443,646.5957138,25.6
1350257753,7.507093056,448.2134535,13.96587963,47.82324333,11290.7157,359.0921856,233741.1346,545.5094425,28.2
1521165962,7.232838992,475.0913351,12.71842938,39.71169296,9189.794985,354.7593858,246024.0674,696.1610932,29
1679622532,6.90917937,415.3831077,12.79705739,44.42538707,10148.00047,324.994463,200870.0828,655.6336442,30.4
1551791594,7.568903911,420.4641159,13.56109186,46.08361635,10903.9498,411.4726724,215550.3793,652.0599954,28.6
1611325325,7.822339232,411.6157917,16.6239965,48.89326884,13002.28626,345.6287157,180812.6015,703.9453955,29.3
1633736445,7.758314141,430.7599512,10.07109468,52.9897678,12877.69786,344.965171,220373.1838,564.7791629,30.4
1620814981,7.074426108,410.8467222,10.29223461,32.52307745,10883.87338,316.6581826,189792.4169,615.3787006,25.1
1589776880,8.175403327,436.5358882,8.670134625,51.87509756,12372.54131,363.4488685,167642.7424,588.798296,29
1384125174,6.900725908,460.0957278,8.796415613,73.89554433,12670.37033,341.4447607,239029.3701,562.2073277,36.9
1500516441,7.302139178,417.7246015,9.73367256,43.01754727,13925.89126,333.4165397,205703.6891,597.2941167,27.3
1564593146,5.61844436,473.4023921,11.18780026,33.46970125,10115.16013,332.3462487,202377.3664,603.2497774,29.2
1505452962,6.959472295,433.4265435,11.86646861,46.67306241,12051.02105,277.0195055,239794.9829,651.9873065,29.7
1639951415,7.71138873,422.4929331,9.142359059,42.03952111,10270.12915,305.6403895,233247.6798,674.0728845,27.9
1425750076,7.196098979,405.1245007,10.88642707,33.73214656,10521.73769,315.5271125,220484.9866,604.6100003,23.6
1479718606,6.794050486,462.8606079,12.14681035,50.78024585,10945.50112,301.3354628,227928.4378,507.0777451,31.7
1392248375,7.401090491,444.7520389,15.99571108,34.12762555,11056.15172,308.5893539,240142.3644,642.3701788,25
1514774011,8.309146959,495.9347301,12.86068152,50.52269973,14889.051,312.6749965,184291.3299,646.2440002,30.5
1568264586,6.245650212,469.6948252,14.67487487,35.9845086,10783.56013,273.2591629,217794.7849,620.723279,29.7
1565313931,6.747508501,343.881191,11.11147111,35.91960665,12002.50903,321.5664794,242978.1859,610.4254042,24.5
1570379125,7.528396607,393.1822388,11.96927524,68.50524777,10374.75944,356.5621935,210824.6741,630.5852138,33.2
1268602246,7.611281805,396.2690924,10.62388835,36.28600198,11806.07748,444.1478624,205037.0578,600.6817444,22.2
1395091033,8.613631448,416.0889062,11.37057701,26.73146557,13454.35398,359.8597057,234238.5868,658.146954,18.4
1195099621,7.675167796,412.1092488,12.96935694,43.56086752,11206.30605,338.9119233,206886.2755,609.5590762,24.1
1462831904,7.516202901,372.9227114,11.31045939,42.96642765,8114.184441,315.8709382,260716.4782,621.9547951,25.3
1511015953,7.563287763,453.5803831,11.4545232,38.54577088,9721.840296,324.6736751,197697.749,621.3594905,27.1
1538861689,6.70720008,393.4946565,11.10769366,77.9542311,11446.9968,347.0344976,199589.027,631.3001472,36.4
1665127860,7.112212173,386.537119,12.07557938,32.94603202,11413.1045,335.5152827,231277.5366,621.6098514,25.1
1461163042,7.520995499,432.159414,11.39794705,55.11201246,10335.06768,371.985677,182368.0472,656.0054597,29.5
1900536205,5.801997691,379.3691038,12.87164467,45.06860605,9096.965517,307.9602383,192575.3114,627.7295089,33.3
1733099421,6.014173605,447.2112034,10.30729138,44.93590677,10390.68449,328.2178488,175070.0886,629.9659106,33.3
1546119356,5.661742603,458.879839,13.81917153,58.26785584,12438.96146,329.9314027,190484.7882,691.1069851,35.7
1522393126,8.157764517,498.1863981,10.67951212,37.93378575,13569.80681,309.7490402,213159.5231,645.7740361,27.5
1794039270,5.960389916,370.7952936,12.89179617,31.08751273,9452.410582,350.7287405,215093.3686,687.1211811,26.5
1489979689,7.452665794,418.0621243,11.57730194,48.31055828,13089.15881,328.7592162,218190.319,716.2911971,28.4
1648784648,6.855928869,407.5721444,12.6950052,37.0069645,11111.42395,358.3973685,246724.1379,696.613689,27.7
1133665316,7.548631287,362.197877,9.887070873,33.19460735,10992.93541,372.6137379,171783.4115,640.6711827,19
1682258754,8.639765705,420.8999371,10.16350609,35.3576806,11138.86514,331.8826775,207216.9622,652.3935815,24.7
1509826196,8.067182219,344.8096248,12.59623763,41.26713738,9704.210692,382.6000404,215241.8193,552.5859284,23.5
1667555634,7.392205919,424.3014212,15.23685907,41.54824529,10466.08246,386.550859,237606.3025,664.4652116,29.3
1373851533,7.762077647,391.7339563,9.585922937,27.30373438,12188.06948,318.510638,213683.5256,634.9314537,18.9
1526290686,7.078309352,409.2589833,15.10356515,51.54597039,12032.05218,293.1371196,218482.0733,668.7095415,30.1
1499390206,6.79982365,365.0832851,10.7271253,74.233412,10448.97891,289.7981464,199304.5654,605.759156,33.8
1495757280,7.81478206,449.9697754,10.40995752,61.02529129,11314.54448,433.8237055,186761.2035,613.4478689,31.2
1414541631,6.389450981,375.145726,12.42163693,61.55448162,11479.83736,390.168777,208305.0484,661.5272744,30.9
1487141561,8.258466946,358.4222797,11.63624538,52.4139246,14042.62817,382.043147,213796.5669,600.8816582,25.4
1535923955,6.775387324,364.376966,11.82041951,34.15102095,9912.00008,313.0610737,217593.6985,678.1280237,24.2
1630750501,8.412506674,398.5749601,13.01535522,41.83375525,11024.69196,306.2756508,233900.1057,574.0111643,26.1
1416787462,6.561940511,363.4935136,12.25329982,50.27341924,10432.35111,365.4491554,205642.691,669.9207323,27.7
1556962737,7.716354816,415.483357,10.54389744,47.40244863,11306.95847,339.4385657,193309.195,692.6792669,28.2
1720341293,5.92803668,422.3461677,14.25057924,55.27442289,9325.485574,332.5098933,204714.839,614.6563047,35.2
1288743543,7.477585685,436.7752459,9.657914055,47.31391019,11367.54472,337.4490583,191053.2423,649.2439333,26.6
1253713531,7.160657339,439.062493,8.241969851,48.85242855,11791.39805,319.9891914,223606.3137,682.6800359,27.1
1450414495,7.409932957,408.2332585,11.51793021,37.50500007,11904.93772,317.3842606,224830.5943,585.7787646,25
1498822914,7.386421907,435.9848878,13.35270673,54.68296576,11396.92544,323.9795703,223792.1241,661.1845323,30.6
1510218079,7.721980088,478.9716801,13.46362465,33.6566525,13484.16158,350.287465,214607.4247,618.5557959,26.1
1596402973,6.966767941,440.3028564,10.35122971,57.23950426,11570.87186,332.8066768,222639.0508,681.1572919,32.6
1465393555,8.44859016,330.8739522,9.633063699,32.06965882,11835.94875,385.5476365,203555.4886,712.3396444,19.1
1418464949,6.037609473,445.6274875,12.8748901,62.76784592,11655.69604,386.9160402,241971.834,683.7754188,35.4
1373285170,7.588383617,509.4275788,11.22022601,59.31085588,12166.2081,281.2362257,185286.6978,609.1203441,32
1545560616,7.099739671,369.1143944,14.327801,44.15410399,12892.61726,288.8354036,203899.8329,744.9339894,27.2
1443716580,6.638433706,425.4355308,12.28845615,55.73115219,12316.32939,300.6821535,171419.2957,616.6349071,30.9
1586811099,6.226274866,442.1874945,12.4595288,33.89881058,10716.66074,375.044237,245268.4373,659.2853814,27.9
1640444040,6.897460347,495.2501332,10.70213186,37.27041123,12838.97386,352.2090575,212898.5164,609.4655013,30.2
1625878269,8.888931356,413.3728451,11.43742101,30.95285,13067.66025,344.817348,167927.5524,689.2093986,22
1606784148,8.015630902,370.2475072,9.977249748,45.31877131,11500.47998,338.0420718,218613.8853,606.4540204,26
1422113708,7.255648197,483.4729183,13.60107008,50.85975354,11552.73775,360.7680798,194707.5787,625.3207899,31.1
1413306238,7.537238594,464.5799136,9.934313945,46.57502883,9880.971666,373.9856296,196250.8862,606.1290664,28.6
1493442248,7.787784946,408.3532662,10.7602915,52.3351244,10172.99196,388.7806132,199996.9887,568.4967266,28
1541530846,7.1781464,492.7737305,17.14099678,41.92484871,9940.662605,361.255391,226546.3321,582.6487418,31.1
1572913698,7.070031943,409.0684106,11.68787616,56.37838238,12423.20035,393.741261,195423.296,639.0293648,30.9
1518332583,6.74368158,465.6723282,10.43879197,42.19743313,9361.074268,397.5400928,230831.2827,690.9213995,30
1776664977,7.088353769,433.8947927,16.4173899,66.09200071,11119.63876,308.9181148,202419.376,670.4102526,37.7
1533300663,7.481707967,361.9228324,8.362949213,42.84565428,10470.56142,336.8911263,223527.137,620.0099049,25.2
1440084846,6.179015245,414.0758378,12.31414791,61.19317074,13104.16975,377.1264854,214829.1154,685.957748,33.1
1573852364,7.4875152,429.2674326,16.11462093,36.70637296,11794.37924,331.1193714,226631.3979,654.6359536,27
1363705365,7.174442775,431.9525483,11.0500762,62.05424991,9887.697315,367.265635,251346.0848,689.7323254,31.4
1390535816,7.414432025,424.7922207,12.29461733,51.3167676,11342.70266,298.8400947,207600.3317,639.686655,28.3
1410339437,6.84861283,405.7702545,8.93082628,39.2415564,11940.97315,371.7788216,191875.7453,619.8756126,25.7
1773483790,6.71691279,377.8595049,13.49737142,43.35150018,11521.88522,305.297351,209690.2873,622.3068955,30.1
1363951721,7.242654735,432.969952,10.10440752,37.58845423,10724.12722,355.3579368,208946.5566,667.3635777,25.2
1684524092,6.07070226,384.4608919,10.33587316,57.59119811,11559.51736,296.3077951,235439.8633,662.6989721,33.2
1612582403,8.078503655,425.6101631,10.12111431,41.42803941,9745.593753,430.875157,201234.6895,649.8172128,27
1356361412,6.82888225,413.3039635,9.83058223,50.98030173,10870.09517,292.2607288,194536.1913,592.1042186,28.3
1472122033,5.48338243,422.0841768,14.13870857,29.43906658,14234.20513,353.2745283,172193.606,633.9405296,25.2
1517282317,7.325421242,466.9690899,9.488358066,26.44319141,10401.08177,282.2249495,227347.022,670.9715986,21.9
1690297297,7.064779711,427.0972469,15.34633888,56.96221401,9902.833688,385.0993511,232429.088,613.1334528,33.4
1764763732,8.094116008,385.2594308,11.52632977,44.21522834,14286.083,333.9985618,236439.8256,713.6811861,27.9
1441639523,7.736585178,456.7644911,15.71828028,43.51547086,10165.14542,389.8092618,188301.3839,611.5580018,28.2
1494920818,7.203349096,477.1405918,11.86101353,55.37229555,9801.021269,391.058617,210015.656,753.9930868,32.4
1802633366,7.555289944,367.1410215,15.42187771,37.76956437,9956.151695,336.2389932,212739.9101,653.7265312,27.2
1497402513,7.802763989,444.2287498,11.41518075,74.95467752,10707.82437,370.3044422,198705.6919,591.0793784,35.2
1728609987,6.64189649,533.2083901,11.02860544,53.09968687,13430.52937,342.9621655,182008.5471,693.6081177,37.3
1559533737,7.116632545,396.8741953,11.97879512,59.77878405,10065.08015,409.484392,212531.7216,690.6118398,31.2
1516667092,5.933674034,378.2309288,11.93213218,60.52211837,10556.62498,293.7747122,195951.7205,594.9776316,32.3
1577420364,7.675028258,389.2429688,11.94013451,66.52988453,11179.61577,313.6345603,207481.0936,634.6083297,32.2
1430422147,6.923915031,403.2834621,11.56316239,32.15722114,14369.93558,378.8400224,183956.2045,596.9420119,23.4
1470908853,6.543096759,429.7428955,7.966742281,35.39676595,13527.07237,364.3052114,199202.4439,615.6100859,26.1
1473685270,6.166266252,430.9387864,11.04106033,46.55405098,12882.8819,347.8307332,233571.3901,617.7567324,30.6
1347984617,6.395270995,419.6393423,12.39257216,39.14378337,10815.84394,369.2423513,189878.9577,583.6203409,26.7
1560935004,6.533154555,446.6234698,12.0627683,35.27855317,12613.95277,318.3199628,185895.9333,606.9804463,27.8
1748822867,7.814419525,421.4843328,11.64481814,53.62757972,12517.67894,424.9419487,220802.6287,593.1653247,31.4
1585821457,6.980748667,380.5780472,11.76243022,48.13279766,9007.603257,348.8891388,214300.9811,680.2856531,28.8
1319397442,8.007494496,417.3804981,10.52706796,47.56179876,10657.05489,316.3249293,217159.3438,681.912161,25.4
1453711569,7.143119473,482.1082,10.22128817,54.29959679,12471.87904,412.7353315,202258.2128,660.0618977,31.9
1478395678,7.940341191,371.6101958,10.09305532,37.14600559,12755.99395,305.1562596,193606.7633,598.4757192,23
1489157433,7.333891369,392.4594015,12.40370277,44.53760733,10346.91153,295.9217657,187196.288,555.0778288,26.9
1529921697,8.021918965,432.8149482,11.35081031,41.57008268,13907.09498,368.5977023,236023.9444,589.558901,26.8
1400219879,6.787317944,428.112443,11.88127913,44.60872846,10488.97201,368.1661976,206075.7567,708.5088564,28.3
1591424950,6.625285278,469.3687265,11.15025256,37.88550529,10938.15613,418.6821229,184977.6956,710.7702209,29.6
1923219861,7.020380343,453.9030089,11.79114496,41.45484575,14926.65579,395.0645965,217272.7966,672.9891454,32.9
1483966777,6.940897487,388.2160246,13.40905576,49.2734275,12453.53099,314.8448983,176042.9993,715.1354846,28.5
1662719052,7.580661512,404.196887,10.51684041,28.22168919,13141.62132,336.7234601,209874.1029,608.6107735,22.3
1166286278,6.953300774,390.841535,11.42337317,31.73866271,11025.90075,334.9411001,209190.0713,679.5516425,20.6
1385857578,6.572957466,520.3745387,9.696349059,56.69920811,10254.31519,391.3007999,198681.891,607.5017458,34
1578622209,6.94554431,414.6225161,11.66907111,58.00241013,12428.50654,331.7797814,190139.8575,636.6008994,31.6
1468580633,6.864694452,487.8436363,13.02928537,44.28793708,11372.83468,384.409681,228805.1018,674.5599305,31
1368410755,8.317726943,394.8267013,10.38727047,42.79310154,10810.35285,348.2610149,239334.307,591.9763511,23.6
1549168919,7.162609396,412.8884959,11.59057375,51.44775888,13610.49655,361.4601651,197595.5294,598.8334318,29.9
1379411538,5.983374026,406.527079,10.73681471,65.49144933,10739.79504,355.6452592,207626.8702,644.7180897,33.8
1702482330,7.45728637,413.6908367,9.465222059,30.21739242,10191.51991,352.385229,223941.0892,670.6434937,24.1
1811118251,6.967316862,458.0023446,11.21073332,41.64665244,10298.36298,310.8786989,179751.5255,631.0667515,32
1434105725,6.755585881,390.3066381,13.83081895,48.62373136,14092.39035,420.4328066,214967.8191,645.1416923,28.4
1593944181,6.82540175,419.4773584,12.90848497,28.82024398,14687.57834,334.2832605,195642.2885,644.9727825,23.8
1494385063,6.88293131,398.8112148,11.01709544,40.05157921,12760.09941,381.5745049,190791.8672,682.2545805,26.7
1736751518,6.677832131,397.0320565,12.41407255,40.84207954,13282.30579,333.7726332,189334.8035,624.2552041,29.6
1617069577,5.711082529,433.685202,9.012279582,29.99309104,10130.16064,355.5484959,198925.5697,672.0114013,26.1
1436326881,6.833357879,414.0253695,12.64765177,38.11228406,10966.79328,380.3734341,182656.7565,579.3805085,26.3
1760814705,7.859565956,434.2581184,11.24172727,37.34519525,12638.12063,366.4590831,242241.116,617.3696136,27.9
1413661318,6.314395883,467.7956979,10.26192667,36.17043051,10636.7015,347.2186229,205157.793,642.0871596,27.7
1609725717,6.856999748,450.3578135,13.64994007,41.22373232,9991.95413,354.8633475,204863.1399,632.7817555,30.2
1404653757,6.487981045,446.1748575,13.53780777,54.87626762,14131.74441,302.3109096,266716.305,667.2245274,31.8
1696093236,6.698113277,388.4913211,9.322432128,67.41748742,13477.89487,340.142319,186545.444,602.2886632,35.2
1392809512,7.155822948,439.8792224,9.404841947,37.71754899,10982.61808,322.0105259,185521.7276,637.8110738,25.8
1658265906,6.365896164,400.0630041,15.79864273,36.5541837,12359.76971,330.1201117,186707.1969,612.6706265,28.4
1233512871,6.325987262,384.511317,12.33677478,49.40804575,10135.49096,335.3587267,206380.1799,663.9321359,26.9
1451767267,8.532580234,454.3946335,10.95333109,37.45552445,13760.21971,325.5079652,200553.6906,626.8282845,24.7
1634777935,6.474237087,461.231552,11.55377784,30.61775688,15550.48897,338.4306613,178713.225,637.625336,26.7
1444923789,6.558889943,498.1532337,11.34348027,53.34089452,10234.0456,350.8991358,217981.0074,601.4568216,33.4
1329199921,7.680679995,451.4666657,15.97576166,38.59499689,11674.84103,386.3902644,188015.9669,572.5466425,25.7
1570774286,7.726842696,320.5123635,14.36223093,72.35807722,11862.32715,324.8644365,183686.0386,556.3666578,30.5
1705535771,7.659052912,421.3450364,12.67889629,23.32646609,14430.89619,337.8553074,202188.8909,763.9763471,19.4
1382414415,6.028672851,475.4669368,11.44734125,44.02164538,11087.07676,357.4891394,161059.2957,688.4215925,30.8
1182622551,7.586854499,421.8586932,6.756535091,51.0452798,14793.77664,349.5377139,256492.6423,638.0507813,25.2
1666748968,7.289199493,429.3728179,9.844049609,70.31048509,10896.37377,341.3641805,210133.469,735.0316774,36.7
1485203371,7.14904001,355.1503924,13.28853599,50.65993635,10001.85102,349.739296,177080.289,657.6905366,27.1
1492111314,8.151488328,375.3868533,13.52175323,34.94707375,8972.986268,326.09226,249719.0136,649.5144859,22.6
1376238901,6.752724354,424.0107337,14.54124703,59.51408963,11823.59513,340.7756972,229955.9144,657.5996272,31.3
1598172645,7.108070682,438.6825848,13.47990847,43.81272431,11753.80791,358.0996813,213539.568,584.3915812,30
1704960232,7.910578611,427.8402198,15.30325878,56.63040455,11481.95159,371.4499666,217905.0388,704.844452,31.9
1693358705,5.765613385,403.52028,11.06402844,40.14812116,9593.991317,345.389442,216440.1182,587.1943357,30.6
1636784468,6.691153794,415.861429,9.289699495,40.24490302,10093.96755,382.3512979,196586.543,550.6053942,28.7
1405217429,7.376392013,443.3283774,10.03782964,49.17858879,9789.354989,342.1139411,230520.2675,630.7779702,28.6
1738994977,7.128207552,445.3331204,8.137110471,47.88838427,11216.85279,348.4585001,207361.4224,607.9490504,31.9
1456875500,7.023245937,399.6852392,14.76641256,58.12550112,13190.92146,362.4454166,253099.05,665.7028283,30.2
1297297946,7.780813463,449.4228404,15.06843703,61.76478651,11517.90616,302.6425805,204993.4665,633.7338671,30.2
1698296395,6.688061292,388.8919905,11.79950164,45.8695627,9503.419465,362.5195923,226228.5552,694.4018651,30.3
1610868009,8.144700704,420.0119538,12.369208,29.69326152,11683.56439,319.8287578,202732.8984,753.3701315,22.6
1491455688,6.129971784,461.4169798,13.20253077,40.28618956,11892.4495,300.4101594,174176.3561,626.6238166,30.3
1492731426,6.724390491,452.3981186,9.965845276,39.64345414,12681.99105,349.9990411,201487.1561,588.4961082,28.5
1548153321,6.502934138,428.8379582,8.961458651,38.36902675,11650.97843,336.5892573,211900.9676,641.7763926,28.1
1762631260,6.890437425,422.8760677,12.04925079,42.12825595,12027.08427,321.3112207,208827.2357,628.8209402,30.7
1642239079,7.27924369,429.9127468,14.05852359,41.17984389,9473.773196,337.3435389,214129.7648,629.4214106,29.1
1590587054,6.198851868,404.5886225,11.96091362,39.00678638,10017.38148,364.6977939,201140.8407,668.9666089,28.7
1603601042,7.314648435,358.8703012,11.70221354,49.92472203,10408.14773,359.7047939,225758.898,680.1410774,27.9
1467036364,7.29401398,390.2102158,9.808357817,60.74047399,9823.713223,345.3309688,208132.1784,714.2209269,29.7
1757661205,7.450511018,379.6929115,16.92160869,42.58671842,10961.30461,359.2624546,215963.1534,685.5946195,28.9
1448425075,7.984050864,425.7863602,13.3685473,38.42774034,10798.56686,355.7823156,221838.6243,635.3099362,25.2
1564063619,8.717396339,451.1156718,11.95358836,40.47929543,10780.32485,286.0365853,183061.1996,610.8001601,26.3
1647559476,7.16540527,400.8981958,13.21539882,47.91976158,12322.21152,346.3982613,187737.7004,679.3571237,29.9
1713597342,6.567156765,399.3708528,13.795303,29.06791364,9486.997191,349.2244586,206988.6819,658.381299,24.8
1821377822,6.459505018,404.0246197,12.02654444,55.94573931,10039.16271,330.3810258,224019.6965,661.90783,34.5
1432691559,6.276555391,407.7739844,10.15373072,67.80211977,11170.68709,362.8381475,185712.3006,659.8631759,34.1
1300352608,8.556227,416.4474055,13.18397046,48.20857421,10508.66756,344.1902997,202838.0202,652.9689772,24.6
1365419235,8.101063704,443.7320972,11.00025544,42.68216598,13325.95535,369.1773149,229857.7865,589.0328782,25.7
1358599941,8.070296082,445.9830741,10.83548289,52.58143443,8361.376469,389.0693716,206648.7911,609.876897,27.6
1623727226,7.33938894,425.9910726,11.89193362,54.96069383,12094.54705,373.6626148,200648.7661,592.5177299,31.4
1308848253,7.036886931,430.5189406,14.40132978,49.12198341,11075.13771,301.8031659,219263.1512,635.6709986,28.2
1546559244,7.329859964,472.8401533,13.13582305,39.96973491,13730.64007,352.4604886,231754.3777,732.8028492,29.2
1688395335,7.605231441,389.63065,13.3143159,37.10325922,9543.858016,363.1991205,198569.8365,651.0526315,26.3
1324180873,7.356061895,504.0535071,12.99191569,32.60569305,11853.51488,372.3386709,221021.8816,666.676859,25.3
1422722335,8.037889498,394.5525618,13.08586726,41.01005796,10325.0121,401.9931795,212441.6827,685.0719217,24.5
1401017640,6.24378478,422.6706391,13.45014533,36.95891099,14428.20809,323.4033927,206344.2165,559.7092785,26.9
1580482293,7.13614254,382.767364,12.81951001,57.71677562,11958.03322,353.3911565,209388.3409,648.7303157,30.2
1257861901,6.587740316,417.2547887,12.17183687,54.62241036,11199.26183,359.6202533,200944.0774,676.7190009,28.7
1659982070,7.463132302,360.7654888,11.89707916,32.85122245,10910.5663,390.2562717,229455.6957,587.3360182,23.7
1508698084,6.956659589,431.2899911,13.43493295,40.72068138,11051.94146,285.2788573,204344.1499,645.7045568,28.3
1581048737,7.385102627,476.2496265,12.1997338,60.31054145,10602.48471,325.2924586,216155.1781,578.520919,34.2
1651898415,7.122981734,380.9330576,10.47939986,35.66017809,13884.58635,280.5125755,213211.4201,575.4801408,25.7
1399018282,8.02869573,478.1561018,11.60526006,62.54178691,11046.89952,342.3928193,224890.6051,647.0128748,32
1627635667,6.989075393,407.1495925,10.05242871,45.66735778,11693.8676,331.6258763,237063.5266,571.7792552,29.4
1357374081,7.83209553,417.758855,11.26463479,46.94687734,13240.91328,343.0749937,218100.662,633.4011894,26.1
1645856492,6.101462743,435.1721,10.19340183,47.74665152,13548.82653,352.6877224,201406.784,623.1495878,32.7
1523928808,6.919411482,458.4181496,12.62451002,65.03559704,10452.9697,327.0336712,184748.5624,604.1394913,35.1
1295325753,7.906971231,403.7451243,8.845774377,58.98063726,12792.04955,397.2632374,247817.1435,662.1088059,26.7
1466326906,6.816080794,449.6366642,11.99296124,35.01699152,8239.833523,383.1854308,185127.2755,603.8451396,26.5
1449606623,6.615298587,467.6300967,11.53805349,37.68282122,12193.96238,336.0187086,221330.7137,659.1138985,28.3
1557835305,6.048127664,367.83742,9.367936636,35.10289199,9274.766735,312.2162157,210596.3524,681.6059639,25.7
1643249852,6.478423339,455.4665202,13.94092284,49.54594123,9855.541785,391.8037001,181664.3459,616.5741994,33.5
1691834588,7.199978288,437.0726498,12.65369505,21.93777989,11432.10808,319.133233,212850.8751,596.4502884,18.5
1604356513,6.428189266,386.2576661,10.87638122,33.06698923,12954.1359,326.6010635,216677.1789,575.0600809,25.4
1726436361,6.520105709,443.9581584,14.58418725,48.75187194,9234.991776,306.847044,207141.0041,686.3580126,33.8
1541027296,8.051129588,525.5053803,12.21430028,42.31792837,11783.45826,343.7702253,190890.94,596.1128523,30.3
1402028899,7.592531286,401.217745,13.61870418,41.65695499,9759.983551,365.2107874,192257.8626,674.9050667,25.4
1628822412,6.889455135,365.4926591,8.730523666,38.83533559,11702.45512,317.99226,180058.7113,580.2721736,26.2
1769117491,7.635850129,426.874551,10.85695553,50.04706797,12149.19177,358.8050064,207010.0432,722.2192429,31.4
1668985805,6.93495784,500.6066734,11.03913093,46.2131636,10730.09451,374.7580365,175243.3828,699.0418054,33.4
1247619458,9.045947102,424.61588,9.999204098,44.49085181,11001.26129,316.0722853,197945.0064,700.1560075,22.5
1525298854,6.483068777,406.1049518,12.55256474,28.06881183,10595.43473,375.3748978,210715.1001,601.0951359,22.8
1513919932,7.360538362,427.1666782,10.82269752,23.63642582,10564.09955,365.6103682,216417.2139,625.1208816,18.7
1848475913,7.511822419,347.2626934,12.47054281,28.57658593,11977.54641,307.5215295,241794.4298,654.1375136,22.7
1424478357,7.283150053,408.8163156,14.63689898,51.96509896,11424.06715,398.5724505,226849.6509,683.2974797,28.7
1734477087,6.496444657,376.6112182,12.19332066,42.50042525,10861.26064,370.5328853,194436.1248,638.8971405,29.6
1488449597,6.664536922,412.9094921,11.16533073,60.11553217,11156.05795,369.7743394,215758.7108,657.321764,32
1678647187,6.813069723,444.4493819,10.63840466,43.43431356,11416.74583,342.2802662,188428.6507,656.6237773,31
1700111892,7.492428332,455.5462241,12.57294174,38.69750905,10843.72305,287.3962164,220129.1142,725.4378812,29.3
1832386216,7.138307565,426.630138,12.11450477,40.88820175,9642.721722,310.5733899,250380.5927,620.3952837,30.8
1542772369,7.987745696,330.0381944,13.05756636,31.89094782,12336.76519,363.5829957,219376.0619,577.4267741,20.7
1336534597,6.605099754,337.1397299,13.84519928,49.62270247,12014.18941,346.4659636,231157.0658,610.2706195,25.9
1594980287,8.136114546,375.5521287,12.75878867,50.02399605,9424.435951,320.0664795,212581.843,677.6227966,27.1
1497758558,6.973978807,411.2077864,11.59755925,38.08069048,12238.64459,344.4290544,213043.1278,540.509807,26.4
1277479437,6.436719134,435.3308541,9.715173473,29.29116934,13601.65882,311.1322982,202077.0835,618.1026182,22.1
1567520621,7.884221175,425.0591037,9.904386842,53.42173453,11506.50549,313.4219304,166497.3096,643.7260486,29.2
1330883448,7.428014513,442.9546509,10.78478884,39.57530306,11211.3801,352.014683,184141.6697,629.6813849,25.6
1458835057,7.614925882,391.9749351,13.77369508,48.99440184,12251.69097,303.5854248,214645.0113,635.1443636,27.2
1419044653,8.69727702,418.3063841,12.51491128,37.5984109,11349.23953,353.0697285,237388.4712,704.2559312,23.2
1523144151,6.840588689,373.5181078,14.17837882,34.67290337,13165.79475,379.2144897,201789.6852,616.8810799,24.8
1378143233,6.708169511,434.4249678,11.834263,62.19102866,11735.7353,330.5748943,192887.4759,677.7995241,32.2
1789992790,7.060780119,351.7228,11.50378747,64.54558142,9689.662387,298.1824417,192479.641,588.0859959,33.3
1534564671,8.504143594,430.257176,12.01602883,53.14802548,12144.28471,311.9191708,227703.8915,633.4610473,28.3
1618965849,7.040588938,374.7067102,9.944570397,71.88620603,13717.62443,400.852301,218409.0955,628.6062246,35
1445412357,7.22872518,493.7727732,10.31803335,42.23380486,12588.17704,361.6958614,194624.3698,605.4988411,29.4
1783078477,7.266481242,453.1682983,11.0873331,50.76089495,9929.354991,375.7883849,200336.1593,612.5964128,33.3
1455047920,8.473760856,402.3294964,11.73826822,38.83822757,10853.0302,356.0190359,177744.8999,561.3516215,23.5
